{"timestamp": "2026-06-09 13:23:22", "text": "HK telemetry sample", "hex": "7e 01 10 05 5b 17 00 0c d9 00 00 ff d2 00 5c f8 26 ff ff ff ff 00 01 fe 70 ff 38 fe 70 c8", "packet_hex": "7e 01 10 05 5b 17 00 0c d9 00 00 ff d2 00 5c f8 26 ff ff ff ff 00 01 fe 70 ff 38 fe 70 c8", "packet_text": "HK telemetry sample", "telemetry": {"voltageV": 3.288889, "temperatureC": 0.0, "accX": -0.459375, "accY": 0.91875, "accZ": -20.097656, "gyroX": -0.12207, "gyroY": -0.12207, "gyroZ": 0.061035, "magX": -40.0, "magY": -20.0, "magZ": -40.0}}